dataset_id,title,download_url,status,files_extracted,error_message
00039bf8-b4de-461d-bcfc-d1973bb0287c,"Topsoil nitrogen concentration estimates from the Countryside Survey of Great Britain, 2007 using a ",https://data-package.ceh.ac.uk/data/8ec2d5ae-5d19-4b58-8cf6-aafdad485bb2,NOT_ZIP,0,URL does not point to ZIP file
00ad9527-7d32-44e6-80c1-79b008469886,Random forest model to predict long-term seasonal nitrate and orthophosphate concentrations in Briti,https://data-package.ceh.ac.uk/data/ba208b6c-6f1a-43b1-867d-bc1adaff6445,NOT_ZIP,0,URL does not point to ZIP file
02dde800-73c1-4d0a-adcd-8c4eabefbaf8,UK Environmental Change Network (ECN) stream water chemistry data: 1992-2015,https://data-package.ceh.ac.uk/sd/fd7ca5ef-460a-463c-ad2b-5ad48bb4e22e.zip,SUCCESS,10,
03046eb2-3893-43d7-8e6e-45807650a15d,Future flows hydrology data,https://data-package.ceh.ac.uk/sd/f3723162-4fed-4d9d-92c6-dd17412fa37b.zip,SUCCESS,4,
03bcf474-e9d5-4683-b70b-c0c3dca3654f,Grid-to-Grid model estimates of river flow for Northern Ireland driven by observed data (1980 to 201,https://data-package.ceh.ac.uk/sd/f5fc1041-e284-4763-b8b7-8643c319b2d0.zip,SUCCESS,4,
04aa4165-ba02-4340-bb95-1464884eaca5,Spatial inventory of UK waterbodies,https://data-package.ceh.ac.uk/data/b6b92ce3-dcd7-4f0b-8e43-e937ddf1d4eb,NOT_ZIP,0,URL does not point to ZIP file
0502ee5d-a33c-4afe-aacd-49bafa746290,LiDAR based Digital Terrain Model (DTM) data for South West England,https://data-package.ceh.ac.uk/sd/e2a742df-3772-481a-97d6-0de5133f4812.zip,SUCCESS,4,
06bc35f1-6bcc-42fd-a9db-12dfb0b408de,Woodlands survey site information 1971-2001,https://data-package.ceh.ac.uk/data/d6409d40-58fe-4fa7-b7c8-71a105b965b4,NOT_ZIP,0,URL does not point to ZIP file
06d5103c-145f-42b1-868f-6bb9a0e97480,Cumbrian Lakes plankton and fish data (1940 to 2013),https://data-package.ceh.ac.uk/sd/1de49dab-c36e-4700-8b15-93a639ae4d55.zip,SUCCESS,3,
078696f4-6449-4fe1-87b7-d5d6a148c7b2,"Land Cover Map 2015 (1km dominant aggregate class, GB)",https://data-package.ceh.ac.uk/data/711c8dc1-0f4e-42ad-a703-8b5d19c92247,NOT_ZIP,0,URL does not point to ZIP file
07f9f0f2-5cf7-470c-9fe0-f01f3b7cbbbd,Plant-pollinator interactions database for construction of potential networks,https://data-package.ceh.ac.uk/sd/6d8d5cb5-bd54-4da7-903a-15bd4bbd531b.zip,SUCCESS,3,
0ac8cc00-5481-482f-9f37-7c6f12043121,Integrated Hydrological Units of the United Kingdom: Hydrometric Areas with Coastline,https://data-package.ceh.ac.uk/data/1957166d-7523-44f4-b279-aa5314163237,NOT_ZIP,0,URL does not point to ZIP file
0b08415c-3d60-4eff-8e7d-fbed1346d1cc,Inventory of reservoirs amounting to 90% of total UK storage,https://data-package.ceh.ac.uk/data/f5a7d56c-cea0-4f00-b159-c3788a3b2b38,NOT_ZIP,0,URL does not point to ZIP file
0b2b113d-da5e-4501-a298-dc53deb2bed4,UK Environmental Change Network (ECN) spittle bug data: 1993-2015,https://data-package.ceh.ac.uk/sd/aff433be-0869-4393-b765-9e6faad2a12b.zip,SUCCESS,6,
0d176677-88ef-42e6-8e1b-19edee5ad359,UK Environmental Change Network (ECN) stream water discharge data: 1993-2015,https://data-package.ceh.ac.uk/sd/8b58c86b-0c2a-4d48-b25a-7a0141859004.zip,SUCCESS,5,
0fe02eb5-39ae-4688-a9ea-cb9b32cc8477,Grid-to-Grid model estimates of river flow for Great Britain driven by observed data (1980 to 2011),https://data-package.ceh.ac.uk/data/2f835517-253e-4697-b774-ab6ff2c0d3da,NOT_ZIP,0,URL does not point to ZIP file
104bc74b-9c88-4b39-9dd1-78313b3904b2,Secondary exposure to second-generation anticoagulant rodenticides in European polecats (Mustela put,https://data-package.ceh.ac.uk/data/2f49911c-192c-4f09-a1a2-72a21f20706c,NOT_ZIP,0,URL does not point to ZIP file
1094966d-ff6f-4690-834f-9c5e778cc1ba,"Hourly data from automatic water monitoring buoy from Windermere South Basin, 2016 to 2018",https://data-package.ceh.ac.uk/data/e1b6e387-1bd6-444a-8de9-035df0b8baec,NOT_ZIP,0,URL does not point to ZIP file
10ba026e-295d-47a6-b9df-b1576d0c5e35,"Land Cover Map 2000 (1km dominant aggregate class, GB)",https://data-package.ceh.ac.uk/sd/b8b8a266-9162-40d8-98a6-f44178d31543.zip,SUCCESS,7,
10f5d586-c3ff-4588-b985-c09785439d28,"Surface temperature, surface oxygen, water clarity, water chemistry and phytoplankton chlorophyll a ",https://data-package.ceh.ac.uk/data/ae8c850d-211e-4560-8b37-437b6e0e2a16,NOT_ZIP,0,URL does not point to ZIP file
118bf4dc-380c-4536-9442-2c6d28b041f7,River Habitat Survey (RHS) data 2007 [Countryside Survey],https://data-package.ceh.ac.uk/data/40da9509-999f-4d61-85fe-59d7b32e7ca6,NOT_ZIP,0,URL does not point to ZIP file
120b9ea0-7b5f-46de-b0f3-09381c1620f0,Climate hydrology and ecology research support system potential evapotranspiration dataset for Great,https://data-package.ceh.ac.uk/sd/8651771d-aa6d-4d0f-8bcd-b3be1f733852.zip,SUCCESS,3,
126a7617-52ec-4250-8304-fb9e048ba205,UK Environmental Change Network (ECN) soil solution chemistry data: 1992-2015,https://data-package.ceh.ac.uk/sd/b330d395-68f2-47f1-8d59-3291dc02923b.zip,DOWNLOAD_FAILED,0,HTTP error or timeout
12870ff4-cb17-4a25-a545-4f526b2a7f96,"Data from automatic water monitoring buoy from Bassenthwaite Lake, 2012 to 2015",https://data-package.ceh.ac.uk/sd/b21e5542-95d3-454e-a2dd-9e6c1966f982.zip,DOWNLOAD_FAILED,0,HTTP error or timeout
132c4520-e482-4647-a532-f232d0441f44,Integrated Hydrological Units of the United Kingdom: Groups,https://data-package.ceh.ac.uk/data/f1cd5e33-2633-4304-bbc2-b8d34711d902,NOT_ZIP,0,URL does not point to ZIP file
14cab135-91fe-459c-ba0b-c907b6c99aa5,"Habitat samples from the National Plant Monitoring Scheme, 2015-2022",https://data-package.ceh.ac.uk/data/a12b5c70-c0e2-48cf-b0b7-3e95791feca9,NOT_ZIP,0,URL does not point to ZIP file
15d0fc32-68d0-4924-b896-945477a1c588,"Diet of common guillemot and razorbill at East Caithness, Buchan Ness to Collieston Coast and Isle o",https://data-package.ceh.ac.uk/sd/62b58c5c-b733-426c-a6ea-61b3d9684b33.zip,DOWNLOAD_FAILED,0,HTTP error or timeout
188ad853-d9e8-430a-a10b-455fd0bcd576,Landscape point feature data 1998 [Countryside Survey],https://data-package.ceh.ac.uk/sd/ed10944f-40c8-4913-b3f5-13c8e844e153.zip,DOWNLOAD_FAILED,0,HTTP error or timeout
1912ba99-0ff9-4bb4-b3ad-49822d13eee6,UK Environmental Change Network (ECN) bird data: 1995-2015,https://data-package.ceh.ac.uk/sd/5886c3ba-1fa5-49c0-8da8-40e69a10d2b5.zip,DOWNLOAD_FAILED,0,HTTP error or timeout
196c2959-6022-4562-bfb9-84e67f212d7a,"Surface temperature, surface oxygen, water clarity, water chemistry and phytoplankton chlorophyll a ",https://data-package.ceh.ac.uk/sd/b891c50a-1f77-48b2-9c41-7cc0e8993c50.zip,DOWNLOAD_FAILED,0,HTTP error or timeout
1a2ea642-9ef7-40ba-a4fd-12a959148609,Estimates of manure volumes by livestock type and land use for England and Wales,https://data-package.ceh.ac.uk/sd/517717f7-d044-42cf-a332-a257e0e80b5c.zip,DOWNLOAD_FAILED,0,HTTP error or timeout
1b4d945e-88e0-4e3e-98a7-a7fca4c68a5e,Countryside Survey 2007 estimates of Broad Habitat areas in Great Britain,https://data-package.ceh.ac.uk/sd/f03cba75-8bca-4679-ae2a-77a9fcbd4df3.zip,DOWNLOAD_FAILED,0,HTTP error or timeout
1f54c61c-2243-436e-bf43-dfbaa3316ea5,"Surface temperature, surface oxygen, water clarity, water chemistry and phytoplankton chlorophyll a ",https://data-package.ceh.ac.uk/sd/106844ff-7b4c-45c3-8b4c-7cfb4a4b953b.zip,DOWNLOAD_FAILED,0,HTTP error or timeout
1fcc38ea-8204-47ed-a47d-db293a5e85bf,Gridded estimates of daily and monthly areal rainfall for the United Kingdom (1890-2019) [CEH-GEAR],https://data-package.ceh.ac.uk/sd/dbf13dd5-90cd-457a-a986-f2f9dd97e93c.zip,DOWNLOAD_FAILED,0,HTTP error or timeout
218d7112-6886-4991-b08e-0559acc3c149,"Surface temperature, surface oxygen, water clarity, water chemistry and phytoplankton chlorophyll a ",https://data-package.ceh.ac.uk/data/1ccff678-9e27-4290-8f12-a9d0c048d52f,NOT_ZIP,0,URL does not point to ZIP file
225c36d2-9545-4620-8f8b-e6a24037357b,"Soil microbial community resilience data from Sourhope field experiment site, Scotland, 2001 [NERC S",https://data-package.ceh.ac.uk/data/7af2f732-f8a5-4a87-bcc0-dae54323efd0,NOT_ZIP,0,URL does not point to ZIP file
22a6465d-65bf-4ed9-934f-957f893442ae,"Topsoil physico-chemical properties from the Glastir Monitoring and Evaluation Programme, Wales 2013",https://data-package.ceh.ac.uk/data/0fa51dc6-1537-4ad6-9d06-e476c137ed09,NOT_ZIP,0,URL does not point to ZIP file
2323d8ec-3624-4189-87b6-55f9fd7f3daa,Spatial datasets of radionuclide contamination in the Ukrainian Chernobyl Exclusion Zone,https://data-package.ceh.ac.uk/data/782ec845-2135-4698-8881-b38823e533bf,NOT_ZIP,0,URL does not point to ZIP file
23841710-c726-4514-97a7-e10e0637521c,Catchment attributes and hydro-meteorological timeseries for 671 catchments across Great Britain (CA,https://data-package.ceh.ac.uk/data/8344e4f3-d2ea-44f5-8afa-86d2987543a9,NOT_ZIP,0,URL does not point to ZIP file
24134452-e5c4-4377-8781-45d95364b651,"Dive times and depths of auks (Atlantic puffin, common guillemot and razorbill) from the Isle of May",https://data-package.ceh.ac.uk/data/6ab0ee70-96f8-41e6-a3e3-6f4c31fa5372,NOT_ZIP,0,URL does not point to ZIP file
24706214-d4c3-413d-9737-b369acb7b44f,Sulphur and nitrogen atmospheric Concentration Based Estimated Deposition (CBED) data for the UK 201,https://data-package.ceh.ac.uk/sd/a19f8824-b3f5-4eea-836e-c5e07548709c.zip,DOWNLOAD_FAILED,0,HTTP error or timeout
247ea3cd-7e07-4b4b-8868-8b181f9cd3b4,"Meteorology, soil physics, and eddy covariance measurements of carbon dioxide, energy, and water exc",https://data-package.ceh.ac.uk/data/06d7c463-298c-4c7e-a4c3-55d003aa91cb,NOT_ZIP,0,URL does not point to ZIP file
24e44bf5-47a6-443d-b299-c28f64eea537,"Motion-activated camera trap images from the ECN Cairngorm long-term monitoring site, 2010-2022",https://data-package.ceh.ac.uk/sd/b0c13df5-f606-4bf2-9397-a9c51a7e8d93.zip,DOWNLOAD_FAILED,0,HTTP error or timeout
2563ad2b-28d1-421b-b0db-9da6829436ca,Net ecosystem carbon dioxide (CO2) exchange and meteorological observations collected at peatlands a,https://data-package.ceh.ac.uk/data/b8c9fd3d-f9ea-4fd8-9557-9022884f711d,NOT_ZIP,0,URL does not point to ZIP file
25d2843f-7130-4614-89de-34f9726401bb,"Behaviour, diet, condition and demography data for common guillemots from the Isle of May, 1982-2019",https://data-package.ceh.ac.uk/data/f7676346-a67e-4fdf-9d30-e79ad2585195,NOT_ZIP,0,URL does not point to ZIP file
293c02d5-be91-4ced-829d-aa691c339145,"Wildlife camera trap photographs from the Chornobyl Exclusion Zone, Ukraine (June 2020 - November 20",https://data-package.ceh.ac.uk/sd/9bd7754d-ea87-4b35-bec1-f39d5cc76db6.zip,SUCCESS,3,
29cb4152-ce5e-4d4e-bc07-0250a092c684,Nectar sugar values of common British plant species [AgriLand],https://data-package.ceh.ac.uk/data/69402002-1676-4de9-a04e-d17e827db93c,NOT_ZIP,0,URL does not point to ZIP file
2a5af5bf-6916-42ba-a677-a410a699b5ee,"Data from automatic water monitoring buoy from Windermere south basin, 2012 to 2015",https://data-package.ceh.ac.uk/sd/e68063b9-2e52-44df-8b6f-a3deb37b76cb.zip,SUCCESS,3,
2b0fb026-38f0-49d0-97b1-f5cff873ed38,UK Environmental Change Network (ECN) frog data: 1994-2015,https://data-package.ceh.ac.uk/sd/4d8c7dd9-8248-46ca-b988-c1fc38e51581.zip,SUCCESS,5,
2c1a5d98-bf0a-462b-b97a-71b2f0404583,Radionuclide data for vertebrates in the Chernobyl Exclusion Zone,https://data-package.ceh.ac.uk/sd/518f88df-bfe7-442e-97ad-922b5aef003a.zip,SUCCESS,8,
2dbbe834-1e95-4c84-bb76-918e85859a38,Spatial radionuclide deposition data from the 60 km radial area around the Chernobyl nuclear power p,https://data-package.ceh.ac.uk/data/a408ac9d-763e-4f4c-ba72-73bc2d1f596d,NOT_ZIP,0,URL does not point to ZIP file
2e388319-a7af-4301-bdb8-7ce3a8b9b6f9,Historical (1971-2005) and projected (2006-2099) hydrological model (HMF-Malaysia) estimates of mont,https://data-package.ceh.ac.uk/sd/9b70bebe-189c-4ae8-9aee-1bb1db7b1ad5.zip,SUCCESS,3,
2e972084-339e-4da3-8711-928999f76bd2,ITE Land Classification of Great Britain 2007,https://data-package.ceh.ac.uk/data/5f0605e4-aa2a-48ab-b47c-bf5510823e8f,NOT_ZIP,0,URL does not point to ZIP file
2f3f4a5b-f211-495d-8816-b26b15737b46,"Topsoil invertebrate density estimates from the Countryside Survey of Great Britain, 2007 using a ge",https://data-package.ceh.ac.uk/data/93207428-aace-4bb5-9073-2eb44ad632d1,NOT_ZIP,0,URL does not point to ZIP file
316c1099-286b-40f4-a860-d212d2830a4c,"Crustacean zooplankton data from Loch Leven, 1972-2007",https://data-package.ceh.ac.uk/data/014f1c48-0838-49ca-b059-f084b13f4d5f,NOT_ZIP,0,URL does not point to ZIP file
327522be-a3c8-4987-9cfc-07bade306a68,"Deposition and concentration of nitrogen and sulphur for protected sites in the UK, 2017-2019",https://data-package.ceh.ac.uk/sd/65ab44a0-58bd-43ab-a3bc-a850ddd9a0f1.zip,SUCCESS,3,
33c02303-2d14-4aa3-b19e-741c0aaab09f,Perfluorinated compounds (PFCs) in eggs of the northern gannet (Morus bassanus) from two UK colonies,https://data-package.ceh.ac.uk/data/43487d30-ba23-424e-a2bb-d04dd121875c,NOT_ZIP,0,URL does not point to ZIP file
3495dff2-fcf1-4ccd-8c31-fc9cef35cd71,Daily automatic weather station (AWS) data from Climoor fieldsite in Clocaenog Forest 2016-2021,https://data-package.ceh.ac.uk/data/0ebfc33b-0da2-4329-aac7-69ed8925b979,NOT_ZIP,0,URL does not point to ZIP file
3605ab74-3230-449e-a0e2-40c0f5845095,Deposition and concentration of nitrogen and sulphur for protected sites in the UK (2015-2017),https://data-package.ceh.ac.uk/sd/5537065d-4166-438a-be4f-52f59875a6e1.zip,SUCCESS,3,
392765bf-4073-46d2-994f-80771deeff55,Historic reconstructions of monthly groundwater levels for 54 UK boreholes (1891-2015),https://data-package.ceh.ac.uk/data/ccfded8f-c8dc-4a24-8338-5af94dbfcc16,NOT_ZIP,0,URL does not point to ZIP file
3b4e6f95-a848-4a61-a1a1-9b9dfd9bfd78,Grid-to-Grid model estimates of river flow for Northern Ireland driven by UK Climate Projections 201,https://data-package.ceh.ac.uk/sd/76057b0a-b18f-496f-891c-d5b22bd0b291.zip,SUCCESS,4,
3bc7ea2a-fe98-4f2e-83ea-57060d41283f,Historic Standardised Precipitation Index time series for IHU Hydrometric Areas (1862-2015) v2,https://data-package.ceh.ac.uk/data/a754cae2-d6a4-456e-b367-e99891d7920f,NOT_ZIP,0,URL does not point to ZIP file
3c8aa281-2a66-436c-800e-b23f07d7761f,UK gridded population 2011 based on Census 2011 and Land Cover Map 2015,https://data-package.ceh.ac.uk/data/0995e94d-6d42-40c1-8ed4-5090d82471e1,NOT_ZIP,0,URL does not point to ZIP file
3cf234fd-7b77-4e0f-9f6a-b8940b6c878b,"Fish abundance, habitat, water quality, flow and climate data from English rivers,1975-2017",https://data-package.ceh.ac.uk/sd/b0afb78e-a0cb-4762-9220-659211ae3a5e.zip,SUCCESS,14,
3ebd6247-143b-48d6-b366-2f215cd2d52a,"Traits data for the butterflies and macro-moths of Great Britain and Ireland, 2022",https://data-package.ceh.ac.uk/sd/33a66d6a-dd9b-4a19-9026-cf1ffb969cdb.zip,SUCCESS,3,
3ff617ee-1071-475d-8761-4e6d1a6734d9,"Land Cover Map 2015 (1km percentage aggregate class, N. Ireland)",https://data-package.ceh.ac.uk/data/362feaea-0ccf-4a45-b11f-980c6b89a858,NOT_ZIP,0,URL does not point to ZIP file
42d72e28-75f0-40f9-b296-5f87a98d9280,United Kingdom Butterfly Monitoring Scheme: collated indices 2020,https://data-package.ceh.ac.uk/data/f00fb86d-25c2-4f98-b882-c661511c93ac,NOT_ZIP,0,URL does not point to ZIP file
42eee6e3-eea7-4e99-8d0a-07ed4049f99e,Sulphur and nitrogen atmospheric Concentration Based Estimated Deposition (CBED) data for the UK (20,https://data-package.ceh.ac.uk/sd/fd8151e9-0ee2-4dfa-a254-470c9bb9bc1e.zip,SUCCESS,3,
45e872bd-bc04-449f-9253-42563675ef98,Woodlands survey soil data 1971-2001,https://data-package.ceh.ac.uk/sd/fb1e474d-456b-42a9-9a10-a02c35af10d2.zip,SUCCESS,5,
46e34bce-3e88-4cd5-be16-b8e731f33216,Soil metals data 1998 [Countryside Survey],https://data-package.ceh.ac.uk/data/def15f47-6aba-43db-a833-5844628a658b,NOT_ZIP,0,URL does not point to ZIP file
4a78992a-1edc-4f45-8c46-46d3e4b0cfdf,Historic Standardised Streamflow Index (SSI) using Tweedie distribution with standard period 1961-20,https://data-package.ceh.ac.uk/sd/58ef13a9-539f-46e5-88ad-c89274191ff9.zip,SUCCESS,4,
4b2028d4-55a6-429c-a163-6f4fe8e008a5,Chemical contaminants in White-tailed sea eagle eggs - Predatory Bird Monitoring Scheme (PBMS),https://data-package.ceh.ac.uk/data/72ed6237-aedf-43a7-b9e3-eef95320a2bb,NOT_ZIP,0,URL does not point to ZIP file
4fbdac0b-4844-409c-b32e-fb0a44cf50b4,Harmonia axyridis invasion: UK distribution data 2004-2016,https://data-package.ceh.ac.uk/data/70ee24a5-d19c-4ca8-a1ce-ca4b51e54933,NOT_ZIP,0,URL does not point to ZIP file
4feb5630-51d1-4009-8283-fa540368c6ab,Soil metals data 2007 [Countryside Survey],https://data-package.ceh.ac.uk/data/826b0829-7ab5-4e22-822f-ee3a137896a9,NOT_ZIP,0,URL does not point to ZIP file
5054273e-b2f2-45e7-9f4d-06b1b893761f,United Kingdom Butterfly Monitoring Scheme: collated indices 2022,https://data-package.ceh.ac.uk/data/1b522961-9d5e-460c-8762-389f2314e85b,NOT_ZIP,0,URL does not point to ZIP file
51d577eb-1958-4c23-8a5b-45797a1a7312,Historic reconstructions of daily river flow for 303 UK catchments (1891-2015),https://data-package.ceh.ac.uk/sd/f710bed1-e564-47bf-b82c-4c2a2fe2810e.zip,SUCCESS,3,
52212307-bf5f-442f-a8ca-26f3482e7e04,"Surface temperature, surface oxygen, water clarity, water chemistry and phytoplankton chlorophyll a ",https://data-package.ceh.ac.uk/sd/393a5946-8a22-4350-80f3-a60d753beb00.zip,SUCCESS,3,
53038ad9-8d8b-4051-a925-3b2e6dd5d139,"Hourly data from automatic water monitoring buoy from Blelham Tarn, 2019",https://data-package.ceh.ac.uk/data/467942bd-2cd5-4038-bc4f-5d77535d99f1,NOT_ZIP,0,URL does not point to ZIP file
536a817c-11ce-4fab-9b7a-d0e0b9bde2e7,Woodlands survey tree diameter data 1971-2001,https://data-package.ceh.ac.uk/sd/4d93f9ac-68e3-49cf-8a41-4d02a7ead81a.zip,SUCCESS,5,
551a4752-6dbf-4789-acf4-c98b8c82211f,"Hypolimnion temperature and oxygen data from Windermere North Basin, UK, 2005-2009",https://data-package.ceh.ac.uk/data/83aece7c-6ff0-4414-87ce-71ba27083b92,NOT_ZIP,0,URL does not point to ZIP file
571a321d-628a-44ed-9892-bd4c4da4c030,"Pan-trap survey data from the UK Pollinator Monitoring Scheme, 2017-2021",https://data-package.ceh.ac.uk/data/9df83130-e98f-48b0-bbfc-32f5920eedb0,NOT_ZIP,0,URL does not point to ZIP file
572c713c-e2db-4e86-a7a8-acd4f732ab2c,"A 'Reference Site' in the Chernobyl Exclusion Zone: radionuclide and stable element data, and estima",https://data-package.ceh.ac.uk/data/ae02f4e8-9486-4b47-93ef-e49dd9ddecd4,NOT_ZIP,0,URL does not point to ZIP file
593b6155-e4d0-4ffe-9acb-d42ce334d0b3,"Input to Yield Ratio (IYR) maps for wheat farming in England, 2010-2017",https://data-package.ceh.ac.uk/data/dfe2a4a5-2b3a-4731-ba7f-aea7e926f1dd,NOT_ZIP,0,URL does not point to ZIP file
5cfc95ce-e0f9-4f9a-adaf-f5e82be84bb4,"Land Cover Map 2021 (1km summary rasters, GB and N. Ireland)",https://data-package.ceh.ac.uk/data/a3ff9411-3a7a-47e1-9b3e-79f21648237d,NOT_ZIP,0,URL does not point to ZIP file
5de72ddc-23e6-48ab-92eb-dd3c990dd9fc,"Surface temperature, surface oxygen, water clarity, water chemistry and phytoplankton chlorophyll a ",https://data-package.ceh.ac.uk/data/bee7003f-90d8-412b-90b0-0c06dec9c1b6,NOT_ZIP,0,URL does not point to ZIP file
5df0da4d-6cb3-4713-9265-e410229a1e5f,"Topsoil physico-chemical properties from the UKCEH Countryside Survey, Great Britain, 2021",https://data-package.ceh.ac.uk/data/af6c4679-99aa-4352-9f63-af3bd7bc87a4,NOT_ZIP,0,URL does not point to ZIP file
5e8b18e7-41c5-4e46-95c9-197a4eb0e105,Estimates of daily river flows for 95 catchments in Great Britain from the GR6J model under present ,https://data-package.ceh.ac.uk/sd/d966ae7f-a29b-4c57-835d-f4efd0d65c88.zip,SUCCESS,3,
61c92586-95b8-43bc-b9be-5f7715be7f4f,"Land Cover Map 2007 (1km dominant aggregate class, GB) v1.2",https://data-package.ceh.ac.uk/data/c3723adb-1a8c-4b57-958b-1d610d2c37fe,NOT_ZIP,0,URL does not point to ZIP file
620db921-43fe-464e-a48b-60fb901d118a,"Vegetation plot data from the UKCEH Countryside Survey, Great Britain, 2020 and 2021",https://data-package.ceh.ac.uk/data/48b52173-de8d-46c0-8e59-be3b819e234a,NOT_ZIP,0,URL does not point to ZIP file
63718908-7365-467f-be34-8840816d6770,"Deposition of nitrogen, sulphur and base cations to the UK (1986-2012)",https://data-package.ceh.ac.uk/sd/8e7644fe-9f17-4fc3-8e4e-8b10a42d5d50.zip,SUCCESS,3,
6595478c-2c74-45f4-888d-f45465542d37,"Motion-activated camera trap images of wildlife from the Red Forest, Chornobyl, Ukraine, 2016-2017",https://data-package.ceh.ac.uk/sd/bf82cec2-5f8a-407c-bf74-f8689ca35e83.zip,SUCCESS,3,
68a34696-5fb1-4819-bb2e-292626e83d45,"Surface temperature, surface oxygen, water clarity, water chemistry and phytoplankton chlorophyll a ",https://data-package.ceh.ac.uk/data/86cce079-9410-4948-978a-1c92ff3d604c,NOT_ZIP,0,URL does not point to ZIP file
696cc753-14d2-4850-8496-421c9d9d25d9,"Vegetation plot data from the UKCEH Countryside Survey, Great Britain, 2019",https://data-package.ceh.ac.uk/data/fd6ae272-aeb5-4573-8e8a-7ccfae64f506,NOT_ZIP,0,URL does not point to ZIP file
6ad39242-43f8-4396-a7c6-f47572d1b0ce,Global hydrological dataset of daily streamflow data from the Reference Observatory of Basins for IN,https://data-package.ceh.ac.uk/data/3b077711-f183-42f1-bac6-c892922c81f4,NOT_ZIP,0,URL does not point to ZIP file
6be31bca-93a2-4144-81f3-cea399756db1,Simulated monthly biological indicators for England and Wales 1964-2012,https://data-package.ceh.ac.uk/sd/2ad542be-e883-4c6e-b198-7d49da62208c.zip,SUCCESS,4,
6ef0f389-083a-4495-ab05-878ab0887ff0,"Broadleaved woodland survey of Great Britain, 2020-2022",https://data-package.ceh.ac.uk/data/42c203c8-44de-40e2-a694-b1e8cbd4c8e1,NOT_ZIP,0,URL does not point to ZIP file
6ffe3fcc-9b35-4eed-a5ec-ebf03a8eb296,Integrated Hydrological Units of the United Kingdom: Catchments,https://data-package.ceh.ac.uk/data/10d419c8-8f65-4b85-a78a-3d6e0485fa1f,NOT_ZIP,0,URL does not point to ZIP file
702d5208-e91c-442b-b08a-1c18d12ebee4,"Continuous measurements of temperature, pH, conductivity and dissolved oxygen in rivers [LOIS]",https://data-package.ceh.ac.uk/data/b8a985f5-30b5-4234-9a62-03de60bf31f7,NOT_ZIP,0,URL does not point to ZIP file
732c0939-5a62-44d0-9c1f-8e6ba5150d6c,"Land Cover Map 2019 (1km summary rasters, GB and N. Ireland)",https://data-package.ceh.ac.uk/data/e5632f1b-040c-4c39-8721-4834ada6046a,NOT_ZIP,0,URL does not point to ZIP file
734bc5ee-d953-4fb2-b44b-21e1718877da,"Topsoil physico-chemical properties from the UKCEH Countryside Survey, Great Britain, 2018-2019",https://data-package.ceh.ac.uk/data/821325f3-b353-4a51-8db2-6b2200d82aca,NOT_ZIP,0,URL does not point to ZIP file
73c93f2d-1d49-4fa6-b4d9-cef01cf212bf,UK Environmental Change Network (ECN) carabid beetle data: 1992-2015,https://data-package.ceh.ac.uk/sd/8385f864-dd41-410f-b248-028f923cb281.zip,SUCCESS,7,
7517dec9-7929-40aa-8201-7b74c7fd1893,Net ecosystem carbon dioxide (CO2) exchange and meteorological observations from an eroding high alt,https://data-package.ceh.ac.uk/data/a65f6241-bfc3-430a-ae93-ccb7c63c1a53,NOT_ZIP,0,URL does not point to ZIP file
7581ebc8-c594-4bae-b85c-58188bc3f2d7,Deposition and concentration values for protected sites in the UK (2014-2016),https://data-package.ceh.ac.uk/sd/735dd995-333c-4b02-8fb1-287b7b2cefdf.zip,SUCCESS,3,
75c4f9a7-f8e2-4b0f-8004-4f82597d941c,Unified peat map for Wales,https://data-package.ceh.ac.uk/data/58139ce6-63f9-4444-9f77-fc7b5dcc00d8,NOT_ZIP,0,URL does not point to ZIP file
768b961a-a668-4d6a-aa6b-ee36e710af37,"Surface temperature, surface oxygen, water clarity, water chemistry and phytoplankton chlorophyll a ",https://data-package.ceh.ac.uk/sd/e3c4d368-215d-49b2-8e12-74c99c4c3a9d.zip,SUCCESS,3,
78d8a3ec-b4df-426c-a721-1a1a52898d18,Calluna vulgaris root length and fungal colonisation data from the Climoor long-term climate change ,https://data-package.ceh.ac.uk/sd/3d468857-f5d0-4dc4-88f3-6be6df19608b.zip,SUCCESS,3,
79000637-3964-40ea-8e6a-8596734df3e4,National Plant Monitoring Scheme survey data (2015-2023),https://data-package.ceh.ac.uk/data/eb135726-9039-441c-8335-1aab5f6dda21,NOT_ZIP,0,URL does not point to ZIP file
7a8f3756-a27a-4b20-83a2-122bebd27e51,Insect species richness for each plant species and insect-plant interactions from the Database of In,https://data-package.ceh.ac.uk/data/33a825f3-27cb-4b39-b59c-0f8182e8e2e4,NOT_ZIP,0,URL does not point to ZIP file
7a968f77-a5a1-48a3-bc23-0aa9e85c06b6,Species traits and derivation of hairiness of oilseed rape pollinators,https://data-package.ceh.ac.uk/data/f09a0ada-b5c6-4dd9-9c7b-2fed23ab79b1,NOT_ZIP,0,URL does not point to ZIP file
7f6a641c-eae3-4dbd-9c20-720aecba8260,Historic Gridded Potential Evapotranspiration (PET) based on temperature-based equation McGuinness-B,https://data-package.ceh.ac.uk/sd/17b9c4f7-1c30-4b6f-b2fe-f7780159939c.zip,SUCCESS,3,
80cf5959-fb9a-4a00-8bb3-88b3825de4e8,"Wildlife camera trap photographs from the Chornobyl Exclusion Zone, Ukraine (November 2020 - March 2",https://data-package.ceh.ac.uk/sd/a657ffc3-8f62-458f-bcb7-30e116807174.zip,SUCCESS,3,
82724066-6c70-4cb4-933c-b324837ad64d,Gridded estimates of hourly areal rainfall for Great Britain 1990-2016 [CEH-GEAR1hr] v2,https://data-package.ceh.ac.uk/sd/fc9423d6-3d54-467f-bb2b-fc7357a3941f.zip,SUCCESS,3,
849d0699-811d-4d54-ad51-d03549e7a33c,UK Environmental Change Network (ECN) fine grain vegetation data: 1994-2015,https://data-package.ceh.ac.uk/sd/b98efec8-6de0-4e0c-85dc-fe4cdf01f086.zip,SUCCESS,7,
890f8704-b73f-40ed-b878-44c74c53e9f3,Persistent organic pollutants and mercury in merlin and golden eagle eggs [PBMS],https://data-package.ceh.ac.uk/data/ad38a087-01a3-4865-b07c-a088ffb65916,NOT_ZIP,0,URL does not point to ZIP file
89a0d8a5-45c9-47ef-91e9-0bde5a1f2358,UK Environmental Change Network (ECN) meteorology data: 1991-2015,https://data-package.ceh.ac.uk/sd/fc9bcd1c-e3fc-4c5a-b569-2fe62d40f2f5.zip,SUCCESS,5,
8a75e486-f52a-42fd-b546-c0f7989ffe3b,Potential evapotranspiration derived from HadUK-Grid 1km gridded climate observations 1969-2022 (Hyd,https://data-package.ceh.ac.uk/sd/beb62085-ba81-480c-9ed0-2d31c27ff196.zip,SUCCESS,3,
8d6bdefc-2ec2-429f-9e4b-ebbef6983d81,"Hydrological projections for the UK, based on UK Climate Projections 2018 (UKCP18) data, from the En",https://data-package.ceh.ac.uk/sd/1bb90673-ad37-4679-90b9-0126109639a9.zip,DOWNLOAD_FAILED,0,HTTP error or timeout
8dcc9300-1585-4149-b308-60460cd342ee,Soil and vegetation radionuclide activity concentrations and calculated dose rates from the Red Fore,https://data-package.ceh.ac.uk/data/60782622-7bfa-4615-a9e3-0a802a9f4674,NOT_ZIP,0,URL does not point to ZIP file
8eddd4f8-f3a6-492b-8bd1-0b2585ab4bc2,Historic Standardised Groundwater level Index (SGI) for 54 UK boreholes (1891-2015),https://data-package.ceh.ac.uk/data/d92c91ec-2f96-4ab2-8549-37d520dbd5fc,NOT_ZIP,0,URL does not point to ZIP file
8f853146-ac70-419e-80c8-8cf5e46fb335,"Land Cover Map 2020 (1km summary rasters, GB and N. Ireland)",https://data-package.ceh.ac.uk/data/d6f8c045-521b-476e-b0d6-b3b97715c138,NOT_ZIP,0,URL does not point to ZIP file
9023f276-4718-4d3d-b225-dde0eaf8ec01,High-resolution global topographic index values,https://data-package.ceh.ac.uk/sd/6b0c4358-2bf3-4924-aa8f-793d468b92be.zip,DOWNLOAD_FAILED,0,HTTP error or timeout
9249ea33-8a9d-48df-bff8-38ac307d1c3c,"Surface temperature, surface oxygen, water clarity, water chemistry and phytoplankton chlorophyll a ",https://data-package.ceh.ac.uk/data/fe579fbf-e371-4320-8875-a8af8736f3e5,NOT_ZIP,0,URL does not point to ZIP file
9551c570-141c-445d-873f-9e53a384a4be,Countryside Survey 1998 estimates of Broad Habitat areas in Great Britain,https://data-package.ceh.ac.uk/data/acbb0f9c-f2a5-4cbd-97c3-84e786f2e479,NOT_ZIP,0,URL does not point to ZIP file
9a4b6013-f42e-4107-95ca-f151b923bda2,Daily soil moisture maps for the UK (2016-2023) at 2 km resolution,https://data-package.ceh.ac.uk/data/5aa8c5b4-4485-4954-b5c3-18d937a418f7,NOT_ZIP,0,URL does not point to ZIP file
9a5a11b6-8c34-47a2-b5d2-0e740855f49a,"Surface temperature, surface oxygen, water clarity, water chemistry and phytoplankton chlorophyll a ",https://data-package.ceh.ac.uk/sd/f385b60a-2a6b-432e-aadd-a9690415a0ca.zip,DOWNLOAD_FAILED,0,HTTP error or timeout
9c16c3a4-da7e-40fb-a7fa-bcde82034b46,"Data from automatic water monitoring buoy from Windermere south basin, 2008 to 2011",https://data-package.ceh.ac.uk/sd/bd37710e-6a53-49f0-9a07-6973408a3342.zip,DOWNLOAD_FAILED,0,HTTP error or timeout
9c241f0f-6816-4877-a1d4-5ef9ec74f168,Daily and sub-daily hydrometeorological and soil data (2013-2023) [COSMOS-UK],https://data-package.ceh.ac.uk/sd/399ed9b1-bf59-4d85-9832-ee4d29f49bfb.zip,DOWNLOAD_FAILED,0,HTTP error or timeout
9c9e1c56-d1e1-4289-bab4-ec8271807bf2,UK Environmental Change Network (ECN) precipitation chemistry data: 1992-2015,https://data-package.ceh.ac.uk/sd/18b7c387-037d-4949-98bc-e8db5ef4264c.zip,DOWNLOAD_FAILED,0,HTTP error or timeout
9cc2e946-f84d-4a4c-abd2-754320939846,"Biological characteristics, liver metal concentrations, habitat biogeochemistry and habitat contamin",https://data-package.ceh.ac.uk/data/0fbb2c90-5b54-427a-a083-55c022802a80,NOT_ZIP,0,URL does not point to ZIP file
9d8895f5-9486-448b-9284-3acd2bd199d6,"Loch Leven monitoring data (water quality, chemistry, crustacean zooplankton), 2022",https://data-package.ceh.ac.uk/data/6dd7ac13-c3e3-4156-a0d8-929227dbf9e8,NOT_ZIP,0,URL does not point to ZIP file
9e6008c2-b28a-4bab-b202-176e57524358,"Loch Leven long-term monitoring data: phosphorus, silica and chlorophyll concentrations, water clari",https://data-package.ceh.ac.uk/data/2969776d-0b59-4435-a746-da50b8fd62a3,NOT_ZIP,0,URL does not point to ZIP file
9f30830f-a3d5-484f-a461-bc30e1fa0c23,Soil physico-chemical properties 2007 [Countryside Survey],https://data-package.ceh.ac.uk/data/79669141-cde5-49f0-b24d-f3c6a1a52db8,NOT_ZIP,0,URL does not point to ZIP file
9f315aeb-aa8c-4d7b-8c68-f9afa5eec216,"Post Chernobyl surveys of radiocaesium in soil, vegetation, wildlife and fungi in Great Britain",https://data-package.ceh.ac.uk/data/d0a6a8bf-68f0-4935-8b43-4e597c3bf251,NOT_ZIP,0,URL does not point to ZIP file
9f7b5d4d-2926-4ab2-8564-63663de41c1b,"Countryside Survey estimates of Broad Habitat area change in Great Britain between 1990,1998 and 200",https://data-package.ceh.ac.uk/sd/7e2981e7-bd4c-4992-b7b0-1b1253bfd20d.zip,DOWNLOAD_FAILED,0,HTTP error or timeout
a1ad1223-adcf-42fd-bf3b-97e0188f979a,UK Environmental Change Network (ECN) rabbit and deer data: 1993-2015,https://data-package.ceh.ac.uk/sd/0be0aed3-f205-4f1f-a65d-84f8cfd8d50f.zip,DOWNLOAD_FAILED,0,HTTP error or timeout
a3f105b3-ec8e-4f2d-836f-ec58c1df0820,Chemical contaminants and shell index values for gannet eggs,https://data-package.ceh.ac.uk/data/2ddf56e5-fbcd-48a3-b4a5-fe2a7d5c90a4,NOT_ZIP,0,URL does not point to ZIP file
a77fb375-08e7-4a9a-920b-8484c6b95a4e,"Loch Leven monitoring data (water quality, chemistry, crustacean zooplankton), 2021",https://data-package.ceh.ac.uk/data/f5dc095c-e3f6-4d9e-be80-40e35c298142,NOT_ZIP,0,URL does not point to ZIP file
a7a5cdb4-1244-4792-89d1-1064f0266d3a,Historic Standardised Precipitation Index time series for IHU Groups (1862-2015) v2,https://data-package.ceh.ac.uk/sd/a01e09b6-4b40-497b-a139-9369858101b3.zip,DOWNLOAD_FAILED,0,HTTP error or timeout
a9b9d889-5463-48a0-a7b2-3b74fc9b25d8,Weekly water quality data from the River Thames and its major tributaries (2009-2017),https://data-package.ceh.ac.uk/sd/cf10ea9a-a249-4074-ac0c-e0c3079e5e45.zip,DOWNLOAD_FAILED,0,HTTP error or timeout
aeb6bc25-021c-4458-ac1c-ad411a77c8cf,Countryside Survey 1978 vegetation plot data,https://data-package.ceh.ac.uk/data/67bbfabb-d981-4ced-b7e7-225205de9c96,NOT_ZIP,0,URL does not point to ZIP file
b0a12db4-4873-438c-8e8d-f2cfd25a9b0d,"Hourly data from automatic water monitoring buoy from Blelham Tarn, 2016 to 2018",https://data-package.ceh.ac.uk/data/603629d9-618c-4a26-8a1d-235a4c8f4791,NOT_ZIP,0,URL does not point to ZIP file
b2382149-4e86-47a1-b10c-561228a5857f,United Kingdom Butterfly Monitoring Scheme: site indices 2022,https://data-package.ceh.ac.uk/data/bdffdd79-7744-4d48-9f4f-d77a3ab98573,NOT_ZIP,0,URL does not point to ZIP file
b24fa24b-5897-444b-a95f-241121d1d079,United Kingdom Butterfly Monitoring Scheme: species trends 2022,https://data-package.ceh.ac.uk/data/4d21825b-56fc-4e01-8d67-068d1d587633,NOT_ZIP,0,URL does not point to ZIP file
b2ae37e9-30e5-4cac-b153-0c7556ce723b,"Vascular plant 'axiophyte' scores for Great Britain, derived from the assessments of the vice-county",https://data-package.ceh.ac.uk/data/af2ac4af-12c6-4152-8ed7-e886ed19622b,NOT_ZIP,0,URL does not point to ZIP file
b3bfe9e0-9c94-4e23-9f82-8a0a6857861e,"Surface temperature, surface oxygen, water clarity, water chemistry and phytoplankton chlorophyll a ",https://data-package.ceh.ac.uk/sd/91d763f2-978d-4891-b3c6-f41d29b45d55.zip,DOWNLOAD_FAILED,0,HTTP error or timeout
b41f742a-6ada-4a93-bb69-f17ca33a2f17,"Loch Leven monitoring data (water quality, chemistry, crustacean zooplankton), 2020",https://data-package.ceh.ac.uk/sd/2ce166c7-bff2-419b-a17f-0a5d53896416.zip,DOWNLOAD_FAILED,0,HTTP error or timeout
b61ad154-fd6f-4ff9-b157-0ec2dc38f531,"A compendium of earthworm data sources and associated information from the UK and Ireland, 1891-2021",https://data-package.ceh.ac.uk/data/1a1000a8-4e7e-4851-8784-94c7ba3e164f,NOT_ZIP,0,URL does not point to ZIP file
b6c518a8-fae3-49d7-96b2-b622927c8d77,"Vegetation plot data from the UKCEH Countryside Survey, Great Britain, 2022 and 2023",https://data-package.ceh.ac.uk/data/2859b031-ec69-48df-891f-58fbf6f942cb,NOT_ZIP,0,URL does not point to ZIP file
b8428b5e-cecd-43b8-9d97-dec9b4eec30c,"Loch Leven monitoring data (water quality, chemistry, crustacean zooplankton), 2019",https://data-package.ceh.ac.uk/data/e404f64c-ddbc-4e3e-8dca-9bea3d68959a,NOT_ZIP,0,URL does not point to ZIP file
b897a9f7-4089-45c1-b885-719958266052,"Surface temperature, surface oxygen, water clarity, water chemistry and phytoplankton chlorophyll a ",https://data-package.ceh.ac.uk/data/89ff964d-4aed-4b66-8669-71d42c5add52,NOT_ZIP,0,URL does not point to ZIP file
b93c9fee-508d-4832-9a0c-094a063d5e27,United Kingdom Butterfly Monitoring Scheme: site indices 2019,https://data-package.ceh.ac.uk/sd/180a1c76-bceb-4264-872b-deddfe67b3de.zip,DOWNLOAD_FAILED,0,HTTP error or timeout
bac19d4e-ef0b-45dc-9c2d-dccc8e6c3dfd,Metal and metalloid concentrations in the livers of Eurasian otter (Lutra lutra) from England and Wa,https://data-package.ceh.ac.uk/data/2effc7c4-82c8-4000-af8d-fdf82b1c3192,NOT_ZIP,0,URL does not point to ZIP file
bc5758a0-00af-49f9-a8e1-fafdbe3659fa,Countryside Survey 2007 vegetation plot data,https://data-package.ceh.ac.uk/data/57f97915-8ff1-473b-8c77-2564cbd747bc,NOT_ZIP,0,URL does not point to ZIP file
c806809f-68a8-4a7e-8bde-c9e5195aa3f4,"Flower-insect timed count data from the UK Pollinator Monitoring Scheme, 2017-2021",https://data-package.ceh.ac.uk/data/761cee06-cb94-476e-bb62-69ae634aa5ca,NOT_ZIP,0,URL does not point to ZIP file
c8a06e66-c36d-4a5f-84dc-cad95d37b1ef,"Topsoil carbon concentration estimates from the Countryside Survey of Great Britain, 2007 using a ge",https://data-package.ceh.ac.uk/data/3aaa52d3-918a-4f95-b065-32f33e45d4f6,NOT_ZIP,0,URL does not point to ZIP file
cc35db4b-5eff-420f-b650-1e9f3fa618b2,United Kingdom Butterfly Monitoring Scheme: phenology 2022,https://data-package.ceh.ac.uk/data/31cf8abb-892a-48fc-98e9-62312f51a6fb,NOT_ZIP,0,URL does not point to ZIP file
cc654bcf-e33f-4649-8474-61ba103a66a9,Source Attribution - deposition of nitrogen and sulphur to UK protected sites,https://data-package.ceh.ac.uk/sd/c4c2c5ae-d926-4ee0-b069-6479ecab2787.zip,DOWNLOAD_FAILED,0,HTTP error or timeout
cdb0bc1f-0233-4ed4-8b2b-531bf798c3c4,"Carbon and nitrogen contents of soil organic matter fractions, soil organic carbon, total soil nitro",https://data-package.ceh.ac.uk/sd/4fc8a62b-c971-433e-acc3-23423bb75022.zip,DOWNLOAD_FAILED,0,HTTP error or timeout
d03d9c85-9928-40bc-a2b1-9c8a5237aaca,"Land Cover Map 2017 (1km summary rasters, GB and N. Ireland)",https://data-package.ceh.ac.uk/data/be0bdc0e-bc2e-4f1d-b524-2c02798dd893,NOT_ZIP,0,URL does not point to ZIP file
d03f1951-589c-4dda-8b12-23de9e19394b,Potential evapotranspiration derived from the UK Climate Projections 2018 Regional Climate Model ens,https://data-package.ceh.ac.uk/sd/eb5d9dc4-13bb-44c7-9bf8-c5980fcf52a4.zip,DOWNLOAD_FAILED,0,HTTP error or timeout
d07d45d5-801d-4056-9e26-4c3c74ebf84d,"Surface temperature, surface oxygen, water clarity, water chemistry and phytoplankton chlorophyll a ",https://data-package.ceh.ac.uk/sd/87360d1a-85d9-4a4e-b9ac-e315977a52d3.zip,DOWNLOAD_FAILED,0,HTTP error or timeout
d16a2620-fd4a-40c1-a2bc-bdbeb1be2d59,Grid-to-Grid model estimates of soil moisture for Great Britain and Northern Ireland driven by UK Cl,https://data-package.ceh.ac.uk/sd/f7142ced-f6ff-486b-af33-44fb8f763cde.zip,DOWNLOAD_FAILED,0,HTTP error or timeout
d25ed143-907b-43f2-8b7f-8f27f3885b54,"Topsoil pH estimates from the Countryside Survey of Great Britain, 2007 using a generalized additive",https://data-package.ceh.ac.uk/data/4b0e364d-61e6-48fb-8973-5eb18fb454cd,NOT_ZIP,0,URL does not point to ZIP file
d30c33ce-8b19-4fd1-9ae1-4ceeaa767a42,UK Environmental Change Network (ECN) butterfly data: 1993-2015,https://data-package.ceh.ac.uk/sd/5aeda581-b4f2-4e51-b1a6-890b6b3403a3.zip,DOWNLOAD_FAILED,0,HTTP error or timeout
d358889e-9f17-4f25-9ee3-1ebe31c7ed67,A land use map of Peninsular Malaysia for the year 2018 (25m grid),https://data-package.ceh.ac.uk/data/36df244e-11c8-44bc-aa9b-79427123c42c,NOT_ZIP,0,URL does not point to ZIP file
d41b01e6-9f04-49b3-aef6-c8e0b661f5d0,"Modelled daily soil moisture and soil temperature at 1km resolution across the UK mainland, 1965-201",https://data-package.ceh.ac.uk/sd/5100e84a-6af9-419b-b4b6-4a5df13b1aec.zip,DOWNLOAD_FAILED,0,HTTP error or timeout
d4a6e968-4f44-4606-8f13-01257844db24,"Distributed potential recharge projections for the UK, based on UK Climate Projections 2018 (UKCP18)",https://data-package.ceh.ac.uk/sd/b14839e5-03e0-43ff-9382-1be2daf3baba.zip,DOWNLOAD_FAILED,0,HTTP error or timeout
d73fcdc2-e3cc-4b1f-afe3-de397c1b3c25,"Deposition and concentration of nitrogen and sulphur for protected sites in the UK, 2016-2018",https://data-package.ceh.ac.uk/sd/4538e272-f276-472f-b11c-fcf84e2cc306.zip,DOWNLOAD_FAILED,0,HTTP error or timeout
d74f1b65-46fb-4f0c-9cac-7eba8acf20da,Moth trends for Britain and Ireland from the Rothamsted Insect Survey light-trap network (1968 to 20,https://data-package.ceh.ac.uk/data/0a7d65e8-8bc8-46e5-ab72-ee64ed851583,NOT_ZIP,0,URL does not point to ZIP file
d984a1e1-2d86-4aa3-93c3-3df4bafb1c91,Cumbrian Lakes Monitoring thermal stratification timing 1951-2017,https://data-package.ceh.ac.uk/data/d029bb43-5722-4932-9c14-be316a2e7144,NOT_ZIP,0,URL does not point to ZIP file
da82d984-9491-4990-afed-8531e7435641,"Land Cover Map 2022 (1km summary rasters, GB and N. Ireland)",https://data-package.ceh.ac.uk/data/0808d05b-f6da-4e76-a145-48d45a109707,NOT_ZIP,0,URL does not point to ZIP file
dd1bd385-efd7-4776-bb12-e8cd879b3f23,Model estimates of topsoil carbon [Countryside Survey],https://data-package.ceh.ac.uk/data/9e4451f8-23d3-40dc-9302-73e30ad3dd76,NOT_ZIP,0,URL does not point to ZIP file
df31c312-c8bc-4d6d-9282-f946d7c41b09,"Radionuclide distribution down soil profiles in the Chernobyl Exclusion Zone, 2020",https://data-package.ceh.ac.uk/data/72c05810-eb66-49e1-9107-dec8cde3b07e,NOT_ZIP,0,URL does not point to ZIP file
df39683f-bfcd-40fc-808d-b66e20a56edd,Sulphur and nitrogen atmospheric Concentration Based Estimated Deposition (CBED) data for the UK 201,https://data-package.ceh.ac.uk/sd/5999d471-fe1d-45fa-889d-3156edb785a7.zip,DOWNLOAD_FAILED,0,HTTP error or timeout
dfc7eaac-9850-47bf-85b4-2f0fd2fed734,Snow water equivalent estimates using cosmic-ray neutron sensors in the United Kingdom (2014-2019),https://data-package.ceh.ac.uk/data/e1fa6897-0f09-4472-adab-5d0d7bbc2548,NOT_ZIP,0,URL does not point to ZIP file
e0557c88-c948-42ed-8c10-e526e1f1d037,"Topsoil physico-chemical properties from the UKCEH Countryside Survey, Great Britain, 2020, v2",https://data-package.ceh.ac.uk/data/6a3382cc-f5f4-4d68-9517-c62fadd8af4f,NOT_ZIP,0,URL does not point to ZIP file
e09a720f-940b-4439-9cd2-d71e45fb01c5,"Flower-insect timed count data from the UK Pollinator Monitoring Scheme, 2017-2020 version 2",https://data-package.ceh.ac.uk/data/13aed7ac-334f-4bb7-b476-4f1c3da45a13,NOT_ZIP,0,URL does not point to ZIP file
e104b406-4ac8-43f0-b572-276a28751e3d,"Loch Leven monitoring data (water quality, chemistry, crustacean zooplankton), 2023",https://data-package.ceh.ac.uk/data/7f54e033-01b3-4ac3-bd9c-75e52dbaa9be,NOT_ZIP,0,URL does not point to ZIP file
e13813ee-7429-4bb3-a80b-7d1389047b57,Sulphur and nitrogen atmospheric Concentration Based Estimated Deposition (CBED) data for the UK (20,https://data-package.ceh.ac.uk/sd/d7f3bfd5-bcde-41b8-bd22-02e331d24b54.zip,DOWNLOAD_FAILED,0,HTTP error or timeout
e216f5c2-d3bd-4775-8e30-d3dc23993b14,Ammonia measurements from passive samplers at four UK Eutrophying and Acidifying Pollutants (UKEAP) ,https://data-package.ceh.ac.uk/data/1766eb32-1878-47e6-8dc8-d434957d1e32,NOT_ZIP,0,URL does not point to ZIP file
e3046eff-6ff1-4a8e-8e3d-024a5890618e,"Land Cover Map 1990 (1km dominant aggregate class, GB)",https://data-package.ceh.ac.uk/data/84c07c67-88a4-439a-a339-b0577afd3886,NOT_ZIP,0,URL does not point to ZIP file
e69825c9-ff5a-4472-a72e-5d3f2556e52b,Model estimates of topsoil moisture [Countryside Survey],https://data-package.ceh.ac.uk/data/8db84900-5fdb-43be-a607-e56c843d9b87,NOT_ZIP,0,URL does not point to ZIP file
e87adc9d-6c24-485f-b908-fd87537ab6af,Historic Gridded Standardised Precipitation Index for the United Kingdom 1862-2015 (generated using ,https://data-package.ceh.ac.uk/sd/233090b2-1d14-4eb9-9f9c-3923ea2350ff.zip,DOWNLOAD_FAILED,0,HTTP error or timeout
e8bf92de-3561-48e6-bb87-379c560af7a9,Concentrations of second generation anticoagulant rodenticides (SGARs) in Eurasian sparrowhawk liver,https://data-package.ceh.ac.uk/data/1af003b1-2f70-4e45-a31a-b07a5fe6e929,NOT_ZIP,0,URL does not point to ZIP file
eb6e1173-e88a-4d6a-be87-4504b1c9222e,"Nitrogen deposition in the UK at 1km resolution, 1990-2017",https://data-package.ceh.ac.uk/data/9b203324-6b37-4e91-b028-e073b197fb9f,NOT_ZIP,0,URL does not point to ZIP file
ec1a2ce9-ec68-4477-9f8b-b7e1bab8b826,"Sulphur and nitrogen atmospheric Concentration Based Estimated Deposition (CBED) data for the UK, 20",https://data-package.ceh.ac.uk/sd/1efa692d-76ca-406e-8736-837a457e16ee.zip,DOWNLOAD_FAILED,0,HTTP error or timeout
ec80a9b5-8dd6-483e-8907-19a24f4e653b,"Soil biological activity in the Chernobyl Exclusion Zone, Ukraine, September 2005 and spring 2016",https://data-package.ceh.ac.uk/data/19babe1c-b3a3-488c-b4fe-ebb4ab9237d8,NOT_ZIP,0,URL does not point to ZIP file
ee597b49-e851-4af9-95c8-a234b9631721,Bird Vocalisation Activity (BiVA) database: annotated soundscapes from the Chernobyl Exclusion Zone,https://data-package.ceh.ac.uk/sd/be5639e9-75e9-4aa3-afdd-65ba80352591.zip,DOWNLOAD_FAILED,0,HTTP error or timeout
f19c84f6-2435-458d-a8d7-8703b83ad854,European Monitoring and Evaluation Program Model for the UK (EMEP4UK) daily atmospheric composition ,https://data-package.ceh.ac.uk/sd/ca302d30-7b8b-46ec-90b6-67b79df00c92.zip,DOWNLOAD_FAILED,0,HTTP error or timeout
f5e3e974-3c43-4a3b-893c-4a7bffcf981d,"Locations and characteristics of electricity substations (33 kV or larger), Great Britain, 2018",https://data-package.ceh.ac.uk/data/0eed5c99-f409-4329-a98e-47f496bb88a2,NOT_ZIP,0,URL does not point to ZIP file
f7375ecc-a4a6-46a5-960c-e97027350cdb,"Traits data for the butterflies and macro-moths of Great Britain and Ireland, 2021",https://data-package.ceh.ac.uk/sd/5b5a13b6-2304-47e3-9c9d-35237d1232c6.zip,DOWNLOAD_FAILED,0,HTTP error or timeout
f8384af5-f9d7-4cce-b190-a5d914510ef5,Concentrations of polybrominated diphenyl ethers (PBDE) in UK sparrowhawk (Accipiter nisus) livers. ,https://data-package.ceh.ac.uk/sd/1c4f835c-d243-4593-a9b4-71410b9b4bf0.zip,DOWNLOAD_FAILED,0,HTTP error or timeout
f85ed991-4fc4-42c1-a702-171e96e36968,Model estimates of topsoil pH and bulk density [Countryside Survey],https://data-package.ceh.ac.uk/data/5dd624a9-55c9-4cc0-b366-d335991073c7,NOT_ZIP,0,URL does not point to ZIP file
f87a45c7-5247-4f98-ad45-cd87e4c9a4c7,Oak-associated biodiversity in the UK (OakEcol),https://data-package.ceh.ac.uk/data/22b3d41e-7c35-4c51-9e55-0f47bb845202,NOT_ZIP,0,URL does not point to ZIP file
fa296141-f294-4ba9-9fde-62a3a00193cb,"Topsoil physico-chemical properties from the UKCEH Countryside Survey, Great Britain, 2022",https://data-package.ceh.ac.uk/data/d53fdf1d-767a-4046-821a-ea645001ddd3,NOT_ZIP,0,URL does not point to ZIP file
fb91eb5c-1bad-4cbe-9dc8-44e9b476fc38,Countryside Survey 1998 vegetation plot data,https://data-package.ceh.ac.uk/data/07896bb2-7078-468c-b56d-fb8b41d47065,NOT_ZIP,0,URL does not point to ZIP file
fcec0ccb-7305-4d01-8723-7144d59f16b4,"Corine land cover 2018 for the UK, Isle of Man, Jersey and Guernsey",https://data-package.ceh.ac.uk/data/084e0bc6-e67f-4dad-9de6-0c698f60e34d,NOT_ZIP,0,URL does not point to ZIP file
fd5934d6-c93a-49a3-8260-195b7de01385,"Gridded simulations of available precipitation (rainfall + snowmelt) for Great Britain, developed fr",https://data-package.ceh.ac.uk/sd/755e0369-f8db-4550-aabe-3f9c9fbcb93d.zip,DOWNLOAD_FAILED,0,HTTP error or timeout
fd988035-b02f-4970-86a7-b30f47a4678a,Climate hydrology and ecology research support system meteorology dataset for Great Britain (1961-20,https://data-package.ceh.ac.uk/sd/835a50df-e74f-4bfb-b593-804fd61d5eab.zip,DOWNLOAD_FAILED,0,HTTP error or timeout
fe66b0db-f5ff-444a-b42d-e963e8aef24b,"A taxonomic, genetic and ecological data resource for the vascular plants of Britain and Ireland",https://data-package.ceh.ac.uk/data/9f097d82-7560-4ed2-af13-604a9110cf6d,NOT_ZIP,0,URL does not point to ZIP file
